Country Name,Especies Aves Ameacadas (2017),Especies Peixes Ameacadas (2017),Especies Mamiferos Ameacadas (2017),% Acesso eletricidade (2006),% Acesso eletricidade (2016),Consumo eletricidade kWh per capita (2006),Consumo eletricidade kWh per capita (2014),PIB (US$) (1990),PIB (US$) (2000),PIB (US$) (2005),PIB (US$) (2016),Mortalidade infantil por mil (1990),Mortalidade infantil por mil (2000),Mortalidade infantil por mil (2005),Mortalidade infantil por mil (2016)
Afghanistan,16.0,5.0,11.0,28.228612899780302,84.1371383666992,,,,,6275073571.54659,19469022207.6852,177.3,129.7,110.3,70.4
Albania,8.0,44.0,3.0,100.0,100.0,1218.36014605619,2309.3665025558103,2101624962.5,3632043907.9773297,8158548716.68554,11883682170.8236,40.0,26.0,20.4,13.5
Algeria,15.0,40.0,14.0,98.7744140625,99.43956756591801,858.934010580582,1356.2645537083501,62045099642.7774,54790245600.5846,103198228458.58801,159049096745.249,49.0,39.7,33.5,25.2
Andorra,3.0,0.0,2.0,100.0,100.0,,,1029048481.88051,1434429703.33518,3255789080.96008,2877311946.90265,8.8,4.6,3.8,2.7
Angola,31.0,52.0,18.0,29.1036758422852,40.5206069946289,143.91188328687,312.476017317085,11236275842.7358,9129634978.33773,28233712737.97,95337203468.1156,221.4,207.0,167.2,82.5
Antigua and Barbuda,2.0,30.0,2.0,92.4344024658203,97.3546676635742,,,459469074.07407403,830158777.777778,1022191296.2963,1460144703.7037,26.1,14.9,12.1,8.5
Argentina,52.0,41.0,37.0,97.1672210693359,100.0,2357.95291526127,3052.3819367465303,141352368724.031,284203750000.0,198737095012.28198,554860945013.62,28.8,19.4,16.6,11.1
Armenia,14.0,3.0,9.0,99.2657318115234,100.0,1639.68227142133,1965.78373282133,2256838857.60997,1911563668.8500602,4900469950.09033,10546135160.031,49.7,30.1,23.4,13.4
Australia,50.0,123.0,63.0,100.0,100.0,10490.48454191,10059.207446790899,310838014621.008,415034227218.489,692641708013.833,1208039015868.39,9.2,6.2,5.7,3.7
Austria,13.0,11.0,3.0,100.0,100.0,8244.40195190479,8355.84195182134,166463386663.439,196799778883.36102,315974418604.651,390799991147.46796,9.5,5.5,4.9,3.5
Azerbaijan,17.0,12.0,8.0,99.5,100.0,2552.2862143543302,2202.39391828846,8858006042.29607,5272798390.70183,13245716099.0057,37867518957.1975,94.5,74.3,51.9,30.9
"Bahamas, The",9.0,45.0,6.0,97.90076446533199,100.0,,,3166000000.0,8076470000.0,9836200000.0,11838800000.0,23.5,16.1,16.2,10.6
Bahrain,7.0,13.0,3.0,100.0,100.0,21508.4504191299,19592.2319490391,4229787234.04255,9062906914.89362,15968726861.7021,32152686170.2128,23.0,12.5,10.6,7.6
Bangladesh,35.0,29.0,37.0,50.5251024590164,75.92,190.915464451173,310.39122612746104,31598341233.559,53369787318.6245,69442943089.4309,221415162445.648,143.8,87.4,66.5,34.2
Barbados,3.0,30.0,3.0,100.0,100.0,,,2023318251.8769,3121500000.0,3897300000.0,4529050000.0,17.8,14.8,15.4,12.3
Belarus,9.0,2.0,4.0,100.0,100.0,3365.9818651350106,3679.9788400689004,21650000000.0,12738912133.8912,30207567316.6202,47722657820.6675,15.2,12.8,8.5,3.9
Belgium,8.0,13.0,2.0,100.0,100.0,8683.671285001321,7709.123077882471,206430841501.69,237904919845.21802,387365750528.541,467545548764.57104,10.0,5.9,5.0,3.9
Belize,5.0,44.0,9.0,90.9885308574549,92.2143173217773,,,413050000.0,832072450.0,1114222550.0,1820158550.0,39.0,24.1,21.0,14.9
Benin,10.0,39.0,14.0,27.9,41.402614593505895,75.0891820950393,100.226389151363,1959965243.7626898,2569186642.86999,4803702821.08056,8573159696.6112795,178.4,144.4,124.4,97.6
Bhutan,19.0,3.0,25.0,61.181789398193395,100.0,,,299787275.842376,439158233.199822,818869145.124717,2212638830.3943896,127.6,77.4,57.9,32.4
Bolivia,55.0,8.0,20.0,76.211281,93.0391311645508,513.06998110808,752.6870216591141,4867582620.20708,8397912509.09679,9549077869.1065,33941126193.9219,123.8,79.8,61.1,36.9
Bosnia and Herzegovina,7.0,35.0,4.0,99.3872769868445,100.0,2375.7311875639602,3365.6739396108,,5505984455.95855,11225138297.1959,16911088173.7458,18.2,9.9,8.8,6.0
Botswana,15.0,2.0,11.0,39.4554214477539,60.6883964538574,1455.76089644726,1748.61533367795,3790567051.8677797,5788329609.15755,9931134940.51346,15648700274.4804,53.9,83.7,69.8,40.6
Brazil,172.0,90.0,81.0,97.594314,100.0,2063.09731659316,2601.36550571407,461951782000.0,655420645476.906,891630175813.342,1793989048409.29,64.2,35.8,26.1,15.1
Brunei Darussalam,25.0,14.0,33.0,100.0,100.0,8432.140445644829,10242.7957950372,3520551724.13793,6001153306.2645,9531402847.87311,11400653959.8368,13.3,11.8,11.5,9.9
Bulgaria,17.0,22.0,8.0,100.0,100.0,4366.912765151839,4708.92745757231,20632090909.0909,13153016530.8718,29636617749.8253,53240893665.1584,18.4,17.5,13.3,7.6
Burkina Faso,10.0,4.0,9.0,12.5818758010864,19.1647129058838,,,3101301780.95067,2628920056.1009803,5462709498.45119,11448781714.3131,198.6,180.6,154.6,84.6
Burundi,14.0,17.0,14.0,4.58806562423706,7.58847713470459,,,1132101252.5181699,870486065.883137,1117257279.46188,3007029030.4001,170.1,151.0,123.9,71.7
Cabo Verde,6.0,35.0,4.0,69.29824066162111,92.6115875244141,,,306891107.262039,539227277.6264111,971977088.1569141,1638927335.6211,62.5,36.0,27.9,21.4
Cambodia,28.0,49.0,39.0,28.084947586059602,49.770656585693395,80.7451770527253,271.433239537706,,3677897739.0762796,6293046161.832621,20016747754.0192,116.1,107.0,65.5,30.6
Cameroon,26.0,121.0,47.0,49.0,60.0747680664063,250.117852045765,280.666679136744,11151578050.7356,10083937740.0624,17944084201.4901,32217537942.6644,143.1,165.7,136.3,79.7
Canada,21.0,43.0,14.0,100.0,100.0,16508.6786342429,15545.5351105609,593929550908.468,742293448252.643,1169357979864.66,1535767736946.18,8.3,6.2,6.1,4.9
Central African Republic,14.0,3.0,16.0,7.80516932525804,13.985112190246598,,,1440711395.67069,914500299.097034,1337362392.15225,1755468136.86556,173.8,172.3,163.5,123.6
Chad,14.0,1.0,16.0,4.7569284439086905,8.83089828491211,,,1738605558.0543199,1385058161.7674599,6646663561.2656,9412034268.6661,210.8,185.1,168.8,127.3
Chile,34.0,25.0,19.0,99.36810799999999,100.0,3229.26909852773,3911.6492649682896,33113887817.9731,77860932151.8471,122964812046.07301,250036180921.053,19.1,10.9,9.2,8.3
China,93.0,134.0,74.0,98.0668106079102,100.0,2039.0146603407998,3927.04449998901,360857912565.966,1211346869605.24,2285965892360.54,11190992550229.5,53.9,36.9,24.0,9.9
Colombia,126.0,98.0,54.0,95.4662399291992,99.00445556640629,947.127094199566,1289.5696930804902,40274204595.2296,99886577330.7271,146566264837.014,280090999648.115,35.1,25.0,21.6,15.3
Comoros,14.0,10.0,5.0,53.5727195739746,77.8442153930664,,,250030760.75478598,203846427.73873702,380372892.60677403,616654490.413179,125.8,102.9,100.2,73.3
"Congo, Dem. Rep.",39.0,94.0,34.0,10.2286949157715,17.1473789215088,101.833982629613,108.58233117923001,9329305477.45833,19088046305.7971,11964484667.9102,34991160099.7415,183.6,159.8,137.4,94.3
"Congo, Rep.",5.0,57.0,17.0,33.4082412719727,56.5661697387695,122.58075430106199,197.285993454047,2798746050.58228,3219910550.39332,6087003176.11624,7833508878.9666,90.8,117.3,89.8,54.1
Costa Rica,25.0,62.0,11.0,99.14752299999999,100.0,1838.3334176570102,1957.93024807807,7403457319.2047205,14949514585.1585,19952156474.8454,56988989896.6368,16.8,12.9,10.5,8.8
Cote d'Ivoire,22.0,58.0,31.0,53.745677947998,64.3,182.251495833965,276.148566330912,10795850106.9547,10717022462.6859,17084928927.4555,36374849865.0472,150.9,145.7,127.7,91.8
Croatia,14.0,64.0,9.0,100.0,100.0,3635.81081081081,3714.38298844207,,21774273832.1031,45416358501.9835,51338524831.0314,12.8,8.3,6.7,4.7
Cuba,17.0,45.0,11.0,98.97970581054692,100.0,1223.4166912102498,1434.03270363811,28645436569.1489,30565400000.0,42643836074.8,,13.3,8.3,6.8,5.5
Cyprus,7.0,24.0,6.0,100.0,100.0,4238.12707494627,3624.8957527885295,5591130217.66965,10183317624.8822,18703146374.829,20153871681.4159,11.1,6.7,4.9,2.6
Czech Republic,9.0,2.0,3.0,100.0,100.0,6528.53015044089,6258.891037036589,40477403219.5176,61649492816.5201,136280689891.224,195305084919.138,12.1,5.5,4.4,3.2
Denmark,9.0,18.0,2.0,100.0,100.0,6824.74593877224,5858.801536287479,138247261092.977,164158800460.219,264467308109.19,306899653409.601,9.0,5.5,4.8,4.4
Djibouti,12.0,20.0,10.0,55.5,51.7826919555664,,,452328087.28287596,551230861.856506,708633194.726566,1764268468.9399102,117.6,100.2,88.5,64.2
Dominica,6.0,30.0,3.0,89.0959625244141,100.0,,,166322222.222222,335845814.814815,370370370.37037003,581484037.037037,17.1,15.4,16.1,34.0
Dominican Republic,15.0,30.0,6.0,90.118148,100.0,1308.5644760652099,1578.1516617008701,7073674721.12418,24305116729.1851,36119047252.1794,72342967648.3354,59.9,41.0,36.8,30.7
Ecuador,107.0,61.0,45.0,96.315259,99.9368133544922,868.1594675632249,1380.61028558436,15239278100.3502,18327764882.4412,41507085000.0,98613972000.0,56.7,34.5,29.2,20.9
"Egypt, Arab Rep.",14.0,54.0,18.0,99.04,100.0,1311.36448847228,1657.7687198068302,43130416913.4141,99838543960.0763,89685725230.2517,332927833278.038,85.9,46.9,36.1,22.8
El Salvador,6.0,16.0,6.0,89.20146700000001,98.618896484375,820.1136039790781,939.1533991414681,4817542204.02673,11784927700.0,14698001400.0,23912227500.0,59.6,32.5,24.7,15.0
Equatorial Guinea,6.0,44.0,24.0,64.0973358154297,67.889289855957,,,112119406.548331,1045998496.4387199,8217369092.652241,11259559879.052,190.7,151.6,130.8,90.9
Eritrea,19.0,26.0,15.0,35.372486114502,46.6804618835449,57.0494421941609,,,706370815.584416,1098425900.74116,,150.9,88.9,69.2,44.5
Estonia,9.0,5.0,1.0,100.0,100.0,5869.42478894573,6732.36747315611,,5685774808.80862,14006088297.4754,23337907618.5174,17.7,11.0,7.1,2.9
Ethiopia,33.0,14.0,32.0,18.576078414917,42.9,37.3110246379711,69.7157738840151,12175166763.285,8242392103.68061,12401139453.9738,73000980433.9486,203.2,143.7,110.2,58.4
Fiji,14.0,19.0,6.0,83.7439422607422,98.6460494995117,,,1337024782.22702,1684109743.49338,3006725014.78415,4671313314.555779,28.4,22.4,23.1,22.0
Finland,11.0,6.0,2.0,100.0,100.0,17215.0372901645,15249.9893802302,141517648888.198,125539893126.95801,204436015420.96802,238677672281.61102,6.7,4.3,3.8,2.3
France,16.0,52.0,9.0,100.0,100.0,7540.2952978967905,6939.522310814089,1269179616913.63,1362248940482.77,2196126103718.44,2465134297438.91,9.0,5.4,4.6,3.9
Gabon,5.0,72.0,20.0,80.8786392211914,91.39550018310551,935.7411595992371,1172.8873233805,5952293765.84468,5067865320.7979,9578973591.00958,14014278017.4685,92.4,84.6,76.1,47.4
"Gambia, The",12.0,35.0,10.0,35.4163360595703,47.7570877075195,,,317083373.52455896,782915402.421095,624173239.919651,962797146.496008,167.6,117.1,96.6,65.3
Georgia,14.0,11.0,9.0,99.0796051025391,100.0,1659.81624758221,2688.48940166354,7753540783.62452,3057453528.9653397,6410852595.57566,14378016732.1587,47.2,35.5,24.6,10.7
Germany,11.0,24.0,5.0,100.0,100.0,7212.437447687571,7035.4829747167605,1764967948916.6,1949953934033.54,2861410272354.18,3477796274496.8,8.5,5.4,4.7,3.8
Ghana,20.0,57.0,22.0,55.09345007577029,79.3,296.74281573297696,354.714052962992,5889174825.4869995,4983024408.14828,10731634116.7384,42803583022.1495,126.9,100.1,86.9,58.8
Greece,17.0,80.0,11.0,100.0,100.0,5434.576468540689,5062.60642155232,97891090928.6328,130133845771.144,247783001865.44,192690813126.86,10.5,6.4,4.6,3.8
Grenada,1.0,29.0,4.0,87.9810028076172,92.34436798095699,,,278098777.77777797,520044370.37037003,695370296.296296,1056188592.5925901,22.4,15.7,15.0,16.0
Guatemala,15.0,37.0,14.0,83.730998,91.7792282104492,533.029464489385,577.885885937936,7650125217.35253,19288827158.9035,27211377225.2715,68663653469.1246,81.8,51.9,42.7,28.5
Guinea,19.0,76.0,29.0,21.9521045684814,33.5,,,2666616176.91609,2995360969.1619897,2937071767.25576,9275886921.70086,234.8,165.8,132.2,89.0
Guinea-Bissau,10.0,41.0,14.0,14.5361990950226,14.6557903289795,,,243961995.509785,370173838.651652,586795675.416201,1178204501.4405901,219.2,174.2,145.0,88.1
Guyana,15.0,32.0,11.0,73.3825878594249,84.24290466308591,,,396582263.291139,712667896.727512,824880550.343965,3504024213.0750604,60.1,46.4,41.5,32.4
Haiti,15.0,30.0,5.0,33.9,38.69016647338871,37.4091724952885,38.969148730296205,,3953846310.66081,4310358095.62898,7970649131.234159,144.9,104.5,89.8,67.0
Honduras,12.0,43.0,7.0,71.266448,87.57662963867192,591.136453865499,630.135530789573,3048881322.9572,7103507989.050441,9672035709.39793,21643936938.9096,58.1,37.3,29.4,18.7
"Hong Kong SAR, China",20.0,15.0,4.0,100.0,100.0,5882.80760088084,6083.2699356802,76928290841.8701,171668164082.555,181570082162.19,320881182123.855,,,,
Hungary,13.0,9.0,3.0,100.0,100.0,3882.4906641301,3965.9582334833503,,47310623887.2319,113035361316.74901,125816640420.569,17.3,10.1,7.6,5.2
Iceland,7.0,16.0,6.0,100.0,100.0,31328.3868036948,53832.4790919587,6372905073.10779,8927140438.333158,16691490113.795,20304098101.4115,6.4,4.1,3.1,2.1
India,89.0,228.0,94.0,67.9,84.5268173217773,510.75161794905296,805.5991906025599,316697337894.513,462146799337.698,808901077222.8391,2274229710530.03,125.9,91.5,74.4,43.0
Indonesia,153.0,163.0,191.0,90.62,97.62,514.866540767666,811.9001839038721,106140727357.032,165021012077.81,285868618224.01697,932256495234.2471,84.3,52.3,41.5,26.4
"Iran, Islamic Rep.",27.0,46.0,19.0,98.4,100.0,2200.2058744413002,2985.68728005982,124813263926.246,109591707802.23,226452138291.545,418976711586.86206,56.7,34.3,25.6,15.1
Iraq,17.0,18.0,15.0,97.62211156493031,100.0,972.9975313662629,1305.6874691482199,179885815374.719,,49954890353.2609,171489001692.047,54.2,45.0,41.0,31.2
Ireland,9.0,27.0,5.0,100.0,100.0,6351.099110794649,5672.06413410796,49364681255.6988,99853528653.0311,211650764830.245,304819018067.107,9.2,7.2,5.2,3.6
Israel,18.0,45.0,15.0,100.0,100.0,6711.22956746105,6600.8982801222,,132339311284.42801,142462925574.34802,317747542489.389,11.6,6.9,5.6,3.6
Italy,17.0,51.0,8.0,100.0,100.0,5833.46729676,5002.40667987736,1177326294440.85,1141759996314.72,1852661982340.5,1859383610248.72,9.7,5.6,4.5,3.3
Jamaica,10.0,31.0,6.0,89.3138961791992,98.2042694091797,2366.78973393632,1055.5234694123599,4592224067.37194,8985352831.94058,11204416000.0,14056908749.3505,30.2,22.0,19.9,15.3
Japan,49.0,77.0,29.0,100.0,100.0,8542.478139127441,7819.7146359093595,3132817652848.04,4887519660744.86,4755410630912.14,4949273341993.88,6.3,4.5,3.7,2.7
Jordan,14.0,15.0,13.0,99.12063598632808,100.0,1695.0803406405403,1888.11695268617,4160003917.4325795,8460424400.564179,12588665303.244,38654727746.4789,36.5,27.9,24.3,17.6
Kazakhstan,27.0,14.0,16.0,99.766547651744,100.0,4261.21257238986,5600.208464865079,26932729102.7371,18291994909.0044,57123671733.8953,137278320084.17099,52.2,43.0,32.1,11.4
Kenya,43.0,73.0,30.0,22.8631324768066,56.0,138.049041820898,166.738186934062,8572359162.856309,12705357103.0056,18737897744.7948,70875289605.3804,98.1,100.8,81.0,49.2
Kiribati,6.0,14.0,1.0,64.19097900390629,84.9362716674805,,,39809538.6776989,67254174.3970315,112133944.253532,181551516.503122,95.8,70.6,64.6,54.3
"Korea, Dem. Peopleâ€™s Rep.",29.0,18.0,10.0,21.6286315917969,39.244224548339794,785.0431757122299,600.28595700739,,,,,43.4,60.0,33.0,20.0
"Korea, Rep.",33.0,27.0,11.0,100.0,100.0,8039.7962834858,10496.5136719641,279349355713.801,561633125839.994,898137194716.188,1414804158515.26,15.7,7.5,5.5,3.4
Kuwait,11.0,17.0,7.0,100.0,100.0,17738.924424694298,15213.4198733625,18427777777.7778,37711864406.7797,80797945205.4795,110912280701.754,17.6,12.7,11.8,8.4
Kyrgyz Republic,15.0,3.0,5.0,99.4641265869141,99.99610137939449,1377.43369615208,1941.2218318910102,2674000000.0,1369693171.43504,2460248026.17783,6813092065.835071,65.4,49.4,39.4,21.1
Lao PDR,25.0,55.0,45.0,57.041058703766495,87.0957717895508,,,865559856.1639,1731198022.45494,2735558726.25625,15805707154.2329,161.6,116.5,96.2,63.9
Latvia,11.0,6.0,1.0,100.0,100.0,2966.6099730566402,3507.40452065472,,7937758980.3012705,16922504044.803999,27571513793.3984,16.9,14.2,10.5,4.6
Lebanon,11.0,28.0,10.0,99.3838170909681,100.0,2694.61594390427,2892.7704652936304,2838485353.9618697,17260364842.4544,21287562189.0547,49598825982.1559,32.8,20.0,14.2,8.1
Lesotho,8.0,1.0,4.0,9.7,29.7333087921143,,,596415104.549144,887295267.8751551,1682350934.85132,2291319971.844,91.3,110.3,114.7,93.5
Liberia,13.0,64.0,23.0,0.24477654695510898,19.8,,,384400000.0,529064600.0,550000000.0,2101000000.0,257.9,183.9,125.1,67.4
Libya,8.0,32.0,10.0,98.82056427001949,98.5367279052735,3795.84234119734,1857.15658076874,28901836158.1921,38270206950.41,47334148578.4164,32257171354.0794,42.0,28.2,23.1,12.9
Lithuania,10.0,6.0,2.0,100.0,100.0,3353.3043274293,3821.1451704374,,11539211480.3625,26125575942.2814,42773029835.3222,14.9,10.7,9.0,5.3
Luxembourg,3.0,1.0,0.0,100.0,100.0,16456.6041169016,13914.6784488756,13229247947.8513,21263514833.2412,37347394602.6614,58631324559.4484,8.8,4.6,3.5,2.4
"Macedonia, FYR",13.0,13.0,6.0,99.0,100.0,3450.0725833618103,3496.99999277977,4471828621.90813,3772851420.2476296,6258600713.82627,10745787406.4491,37.1,16.0,13.7,12.2
Madagascar,36.0,110.0,121.0,15.449502944946301,22.9,,,3081479800.2876897,3877673539.09084,5039293030.82367,10001193315.1966,159.5,107.6,82.0,46.4
Malawi,19.0,98.0,10.0,3.6532273329547595,11.0,,,1880771556.30474,1743506531.32652,3655909664.1423,5433038646.51677,232.4,174.7,115.4,55.1
Malaysia,55.0,87.0,72.0,98.24166870117192,100.0,3072.41942434326,4596.33193933959,44024178343.0071,93789736842.1053,143534102611.49698,296535930381.12,16.6,10.2,8.1,8.3
Maldives,0.0,24.0,2.0,92.3244400024414,100.0,,,215089005.235602,624337145.284622,1163362437.5,4222767412.6520295,93.9,43.5,22.6,8.5
Mali,15.0,2.0,14.0,16.6,35.0694999694824,,,2681912030.4938397,2954129565.82965,6245031690.06808,14034980333.6615,253.9,219.8,171.8,110.6
Malta,5.0,22.0,2.0,100.0,100.0,4897.51004174603,4924.54401944044,2547163582.33149,4306192435.82207,6394851386.64345,11279535398.2301,11.2,7.7,6.9,6.8
Marshall Islands,4.0,18.0,2.0,77.2698287963867,93.1380462646484,,,78476000.0,110937700.0,137928600.0,194497900.0,50.6,40.7,39.8,35.4
Mauritania,17.0,44.0,18.0,26.910898208618196,41.652107238769496,,,1019600770.6033901,1293654175.2102,2184445123.17519,4739298311.39235,116.5,113.1,109.4,81.4
Mauritius,11.0,20.0,7.0,98.74002075195308,98.7817840576172,1743.11748174224,2182.5091559114103,2653480001.34558,4582555124.64952,6283803256.01264,12232463655.5727,23.0,18.5,15.7,13.7
Mexico,66.0,181.0,93.0,99.11416,100.0,1974.4691135657001,2090.17594363621,262709948090.735,707906744574.644,877476221382.101,1076912039691.17,45.7,26.8,20.6,14.6
"Micronesia, Fed. Sts.",12.0,26.0,5.0,56.9892425537109,75.435173034668,,,147200000.0,233226300.0,250149400.0,329895600.0,54.6,52.7,46.6,33.3
Moldova,11.0,8.0,5.0,99.40963745117192,100.0,2166.12197503688,1386.2344389560599,,1288429150.51394,2988338439.3155303,6795741776.1672,33.0,31.1,19.6,15.9
Monaco,0.0,15.0,3.0,100.0,100.0,,,2481316053.8531604,2647883820.18625,4280072625.97622,,7.7,5.2,4.5,3.4
Mongolia,24.0,2.0,11.0,76.3044891357422,81.775032043457,1299.055672921,2017.5136188154397,2560785660.0,1136896123.6129801,2523471532.01083,11183458130.8083,108.5,63.4,41.4,17.9
Montenegro,13.0,32.0,6.0,99.4833221435547,100.0,6451.77025324174,4612.34139045689,,984297589.359934,2257174480.7859697,4374130530.97345,16.6,14.1,10.6,3.8
Morocco,17.0,55.0,18.0,96.5,100.0,686.733045785939,901.1284488451311,30180108561.9305,38857251336.3448,62343022650.8742,103606321692.58199,79.6,49.8,40.5,27.1
Mozambique,30.0,67.0,17.0,12.890141487121598,24.198339462280302,449.055185754351,462.620288073275,2512079324.07706,5016469068.50898,7723846194.874459,11014862241.7342,247.7,175.6,133.5,71.3
Myanmar,52.0,53.0,49.0,48.5791625976563,57.0093841552734,89.1568959511796,216.777608552408,,8905066163.58643,11986972418.5103,63225097051.255,115.5,90.0,77.8,50.8
Namibia,31.0,33.0,15.0,41.3559417724609,51.78242492675779,1540.56896466177,1584.5688218264802,2804379662.1961102,3908661517.6229897,7261333794.60003,11309232187.533998,71.3,74.6,71.0,45.2
Nauru,2.0,11.0,1.0,99.4095611572266,99.2028045654297,,,,,,102060129.577055,58.4,41.3,38.8,34.6
Nepal,36.0,7.0,29.0,51.2,90.7,84.23083829382941,139.143680626098,3627562402.66027,5494252207.905021,8130258041.467059,21131983246.1855,140.9,81.7,61.5,34.5
Netherlands,10.0,15.0,3.0,100.0,100.0,7025.83447881547,6712.774758245,314267667675.178,412807259996.315,678533764457.157,777227541581.307,8.3,6.2,5.4,3.8
New Zealand,69.0,35.0,9.0,100.0,100.0,9700.09080915739,9026.32104131095,45519034243.71,52622842840.2055,114718721396.888,189285950470.754,11.2,7.4,6.6,5.4
Nicaragua,15.0,38.0,7.0,75.82373046875,81.7967987060547,429.70813423553705,580.479172171187,1009455483.8709699,5107329007.0922,6321335612.22233,13184989877.5664,67.5,40.4,31.4,19.7
Niger,12.0,4.0,13.0,9.3,16.2172336578369,34.8852085583535,51.4408154617409,2480673304.7430897,1798374468.3636198,3405134831.8504896,7606749314.04047,328.9,226.5,172.3,91.3
Nigeria,20.0,72.0,32.0,48.274776458740206,59.3,111.693028039711,144.479924464909,30757075595.3681,46386011231.37,112248353104.911,404652720164.89795,212.9,187.4,157.9,104.3
Norway,11.0,23.0,8.0,100.0,100.0,24099.9322630596,22999.9345951283,119791683307.50699,171315639982.731,308722079937.912,371075238095.238,8.7,4.9,4.0,2.6
Oman,13.0,36.0,11.0,,100.0,4209.07389921219,6553.519695525671,11685045513.6541,19507412223.6671,31081924577.3732,66824447334.2003,39.2,16.6,12.8,10.7
Pakistan,32.0,45.0,26.0,83.8504943847656,99.1474380493164,486.791369546511,471.041568895674,40010424928.715,73952374969.7995,109502102510.88301,278654637737.69,138.8,112.8,101.6,78.8
Palau,5.0,22.0,4.0,98.3739242553711,99.2893524169922,,,,144769900.0,184683500.0,302699800.0,36.1,26.8,22.8,15.9
Panama,23.0,55.0,17.0,85.1516647338867,93.4178009033203,1477.9305434556697,2062.76354474632,6433967000.0,12304115000.0,16374393900.0,57820916600.0,31.0,26.0,22.8,16.4
Papua New Guinea,39.0,60.0,40.0,12.4,22.932153701782198,,,3219730364.99623,3521339699.0740705,4865892972.27595,19904808311.6227,88.0,77.2,73.1,54.3
Paraguay,27.0,0.0,10.0,96.749045,98.4,920.8206437891099,1563.50532858488,5695201563.42495,8195993230.74275,8734653809.49561,27424071373.0501,46.6,33.6,28.5,19.9
Peru,120.0,51.0,50.0,80.157275,94.85174560546879,887.622529762492,1307.51096571589,26410386669.3609,51744749133.213,76060606060.606,191639655121.33,80.4,38.5,27.0,15.3
Philippines,93.0,93.0,39.0,79.6630020141602,90.9816131591797,568.2533897644851,699.205069808172,44311593755.7845,81026300310.5641,103071582125.241,304889079564.681,58.1,39.7,35.8,27.1
Poland,11.0,8.0,5.0,100.0,100.0,3584.9621880678496,3971.79976131055,65977749036.9844,171885598582.637,306125173852.573,471400273917.01294,17.4,9.3,7.5,4.7
Portugal,15.0,64.0,13.0,100.0,100.0,4827.46718204254,4662.60079980294,78721607509.4923,118358489957.619,197304513120.25897,205184480409.024,14.7,7.2,4.7,3.5
Puerto Rico,9.0,31.0,2.0,100.0,100.0,,,30603919000.0,61701800000.0,83914521300.0,105034500000.0,,,,
Qatar,9.0,16.0,4.0,100.0,100.0,15702.9717473193,15309.4293804084,7360439423.0769205,17759890109.8901,44530494505.4945,152451923076.923,20.8,12.5,10.4,8.5
Romania,17.0,22.0,9.0,100.0,100.0,2446.28607665653,2584.41178726443,38995454545.4545,37438527799.5302,99697566667.8107,187805922349.23102,31.3,22.0,17.9,9.0
Russian Federation,57.0,39.0,34.0,100.0,100.0,6098.538123103771,6602.65752529282,516814274021.956,259708496267.33,764017107992.3921,1284727602173.71,21.6,19.4,13.9,7.7
Rwanda,19.0,7.0,24.0,10.285608291626,29.37,,,2550185618.14774,1734938652.21165,2581313485.6852303,8475681532.52169,150.6,194.7,114.6,38.5
Samoa,6.0,16.0,2.0,96.3717297274598,100.0,,,125766269.75535801,269019710.327456,462649043.044658,786356314.80277,31.0,21.9,19.5,17.3
San Marino,0.0,0.0,0.0,100.0,100.0,,,,1101897917.81832,1958711603.03445,1590707964.60177,10.9,5.5,4.2,2.8
Sao Tome and Principe,13.0,25.0,5.0,56.5005874633789,65.4404830932617,,,,,125146438.67676,354238109.300304,104.8,83.2,61.5,33.8
Saudi Arabia,17.0,38.0,11.0,100.0,100.0,6820.48771393922,9444.21566403336,117630271802.40302,189514926213.333,328459608764.111,644935541446.453,44.7,22.1,18.2,12.9
Senegal,17.0,56.0,19.0,49.9,64.5,157.137426803682,223.496163338778,5716644272.046921,4679604753.55711,8707015771.00113,14683747153.664,140.4,134.2,95.5,47.1
Serbia,13.0,15.0,6.0,99.6238250732422,100.0,4040.4400201900603,4271.7446669105,,6540247190.33529,26252007830.4639,38299854688.1277,28.2,12.7,8.9,5.8
Seychelles,12.0,23.0,6.0,99.0,100.0,,,368584758.94245696,614879764.7800059,919103254.5454551,1425929444.32924,16.7,13.8,14.1,14.3
Sierra Leone,14.0,57.0,22.0,12.910337448120101,20.3,,,649644826.800447,635874002.198748,1650494367.00326,3556036534.5713396,262.1,233.9,203.5,113.5
Singapore,18.0,29.0,14.0,100.0,100.0,8720.02208405801,8844.68759301201,36152027893.1446,95833932714.6172,127417688055.756,309763879840.753,7.7,3.9,3.0,2.8
Slovak Republic,12.0,5.0,4.0,100.0,100.0,5153.12148361062,5137.07383519398,12694544692.7374,29114875621.8905,62697540106.9519,89768598023.3903,14.7,9.8,8.2,5.9
Slovenia,10.0,33.0,6.0,100.0,100.0,7123.5377712933805,6727.99930164211,,20342201356.0052,36346974008.2079,44708598648.8562,10.4,5.5,4.2,2.3
Solomon Islands,24.0,25.0,18.0,14.4,47.91914367675779,,,302515026.890225,435103853.485036,413909879.28126496,1232699140.37164,38.2,29.9,28.8,25.8
Somalia,19.0,31.0,15.0,15.233785822021101,29.890317916870103,,,,,,6752653098.64515,180.9,174.4,174.3,132.5
South Africa,52.0,120.0,30.0,80.7,84.2,4638.22422318901,4198.4011938781105,115553279480.54,136361854808.496,257671413750.825,295762685147.667,57.4,66.7,74.3,43.3
South Sudan,19.0,0.0,13.0,0.15520825982093803,8.94762802124023,,39.892564121443,,,,2904114903.22912,256.4,184.4,141.6,90.7
Spain,19.0,80.0,17.0,100.0,100.0,6105.075849287211,5355.98700558221,535101248775.71,595402616546.895,1157276458151.97,1237255019653.86,9.1,5.4,4.7,3.3
Sri Lanka,16.0,57.0,31.0,78.9683074951172,95.5882339477539,403.60645935051497,531.269558519089,8032551173.240141,16595882818.6857,24405791044.7761,81788375089.9849,21.0,16.4,14.3,9.4
St. Kitts and Nevis,2.0,29.0,2.0,95.7226791381836,100.0,,,208740444.444444,420515107.700293,543167666.666667,909854629.6296301,31.7,22.2,16.1,9.3
St. Lucia,6.0,31.0,2.0,92.1459426879883,97.7609176635742,,,483962430.740741,784159228.703704,951207366.040741,1667078703.7037,21.4,17.9,16.9,13.3
St. Vincent and the Grenadines,3.0,30.0,2.0,87.800765991211,100.0,,,240365259.259259,396270000.0,550728666.666667,765555555.555555,24.3,22.4,22.2,16.6
Sudan,24.0,28.0,15.0,33.699031829834,38.5284423828125,84.2570358321467,190.220886811296,12408647540.9836,12257418326.0734,26524538565.7403,95584380032.2061,131.4,104.7,88.8,65.1
Suriname,9.0,32.0,9.0,91.01983988861821,87.1763153076172,2768.15511186638,3631.86404053087,388300000.0,892164393.939394,1793754804.7003698,3278425328.32418,46.4,33.5,28.3,20.0
Swaziland,12.0,4.0,9.0,35.2,65.7902069091797,,,1114703088.1614,1738100853.05052,3178126491.9094896,3720649374.5751204,65.8,117.5,124.7,70.4
Sweden,11.0,15.0,1.0,100.0,100.0,15262.587267998899,13480.148224391001,258154283908.9,259802012617.057,389042298376.845,514459972806.171,7.0,4.1,3.6,2.9
Switzerland,9.0,9.0,3.0,100.0,100.0,8360.57613549238,7520.166024945021,258066552980.132,272055499940.786,408689353999.35706,668745279604.532,8.2,5.6,5.1,4.1
Syrian Arab Republic,17.0,51.0,14.0,99.50575740049429,100.0,1549.61859060151,949.586759214272,12308624283.9787,19325894913.1254,28858965517.2414,,37.1,23.6,19.0,17.5
Tajikistan,15.0,5.0,7.0,98.9064483642578,100.0,2113.97464516038,1479.77727408883,2629395852.11903,860550305.832491,2312319579.02843,6951657158.900929,107.1,92.7,64.7,43.1
Tanzania,49.0,176.0,40.0,13.2957448959351,32.8,63.6151915341445,99.1674737424918,4258743262.82876,10185786382.8283,16929976600.142,47388395823.4044,178.7,131.8,93.7,56.7
Thailand,54.0,107.0,59.0,99.14620148145399,100.0,2004.9020295950897,2539.61119358277,85343063965.9182,126392308497.74901,189318499954.00302,411755164832.674,37.8,23.1,18.2,12.2
Timor-Leste,6.0,11.0,5.0,35.6754035949707,63.394138336181605,,,,439543789.908305,1813734850.84725,2521007678.8262897,175.1,108.7,82.1,49.7
Togo,11.0,37.0,14.0,27.9,46.928375244140604,107.06102581249901,152.720013999335,1628427515.41881,1294250233.18894,2115154262.03025,4388569576.440929,144.8,119.3,103.9,75.7
Tonga,5.0,16.0,2.0,92.3,97.02,,,113563821.577404,202363492.160332,262176133.72542998,401562006.229967,21.8,17.4,16.5,16.4
Trinidad and Tobago,5.0,36.0,2.0,96.1903305053711,100.0,5307.16482599007,7134.03465355672,5068000000.0,8154338232.95978,15982282462.3786,22320008403.1092,29.9,27.5,25.5,18.5
Tunisia,11.0,39.0,14.0,99.4,100.0,1108.16489697666,1444.1073993073198,12290568181.8182,21473188881.5933,32273007553.5687,42062549394.7859,56.8,31.7,23.0,13.6
Turkey,20.0,131.0,19.0,97.73033905029301,100.0,2178.86243416829,2854.56584879459,150676291094.21,272979390595.01,501416301726.704,863721647958.677,74.2,39.2,27.4,12.7
Turkmenistan,19.0,11.0,10.0,99.84133280444271,100.0,2115.54633422763,2678.80614850315,3189453540.29343,2904732773.48312,8104355716.8784,36179885714.2857,86.3,83.1,72.5,51.0
Tuvalu,1.0,13.0,1.0,95.85482788085942,99.42615509033199,,,8824447.74022325,13742057.050092801,21839098.892707102,36572611.88531479,56.8,42.3,35.9,25.3
Uganda,28.0,60.0,30.0,9.0,26.7,,,4304398865.88268,6193246837.09687,9013834373.41246,24078931744.4144,175.0,170.1,120.3,53.0
Ukraine,17.0,24.0,11.0,99.63037109375,100.0,3399.52231086128,3418.58502352461,81456895543.3384,31261718319.1794,86142018069.3504,93270479388.5243,19.4,18.3,14.5,9.1
United Arab Emirates,13.0,19.0,9.0,100.0,100.0,11823.0869250703,11263.5319203776,50701443748.2975,104337372362.151,180617018379.85,357045064669.84296,16.6,11.2,9.8,7.7
United Kingdom,11.0,47.0,5.0,100.0,100.0,6200.5541127704,5129.5277927902,1093169389204.55,1647951278559.54,2520701818181.82,2650850178102.14,9.3,6.5,6.0,4.3
United States,82.0,251.0,36.0,100.0,100.0,13583.266959338702,12984.3331070206,5979589000000.0,10284779000000.0,13093726000000.0,18624475000000.0,11.2,8.4,8.0,6.5
Uruguay,22.0,43.0,10.0,98.505426,100.0,2220.9259982534,3067.95112567575,9298839655.23139,22823255801.8447,17362857683.8545,52687612261.5424,23.4,17.0,14.4,9.2
Uzbekistan,19.0,7.0,10.0,99.490096097274,100.0,1755.75962926958,1645.44162925056,13360607917.8773,13760374487.51,14307509838.8053,67067565988.635,72.3,63.0,49.3,24.1
Vanuatu,8.0,19.0,7.0,26.44,57.82,,,158397403.041175,272014693.050806,394962552.336108,787942567.411846,35.5,28.7,28.4,27.6
"Venezuela, RB",51.0,44.0,35.0,98.53634643554692,99.6038360595703,2956.4779658468296,2657.62233778243,47028010660.9808,117140723529.41199,145510008134.75,,29.7,21.7,18.5,16.3
Vietnam,46.0,82.0,56.0,96.0,100.0,641.591700212952,1410.9149054813001,6471740805.5698395,31172518403.3162,57633255618.2731,205276172134.901,51.0,30.0,25.3,21.6
West Bank and Gaza,15.0,2.0,4.0,99.7,100.0,,,,4313600000.0,4831800000.0,13425700000.0,44.6,29.9,26.1,19.4
"Yemen, Rep.",15.0,38.0,11.0,55.80033463469051,71.64234924316409,189.55098203098302,216.258831188074,5647251908.39695,9636342274.82408,16753769531.6987,18213328571.4286,125.8,95.1,72.7,55.3
Zambia,19.0,20.0,13.0,21.737333297729503,27.219337463378896,692.618193675654,707.190217460192,3285217391.30435,3600683039.7325397,8331870169.149771,20954754378.1394,182.2,160.6,110.1,63.4
Zimbabwe,18.0,3.0,10.0,37.2,38.1451377868652,807.5879590075391,536.9954920539141,8783816700.0,6689957600.0,5755215200.0,16619960400.0,75.2,96.8,99.7,56.4
